timestamp,function_name,execution_time_ms
2025-02-23 19:07:00.001000+00:00,exif-processor,383925485.8347162
2025-02-23 19:06:00.001000+00:00,exif-processor,469474178.0669698
2025-02-23 19:05:00.001000+00:00,exif-processor,548082133.614351
2025-02-23 19:04:00.001000+00:00,exif-processor,459988409.55225176
2025-02-23 19:03:00.001000+00:00,exif-processor,320916518.7941178
2025-02-23 18:58:00.001000+00:00,exif-processor,0.0
2025-02-23 18:57:00.001000+00:00,exif-processor,0.0
2025-02-23 19:07:00.001000+00:00,exif-processor,0.0
2025-02-23 19:06:00.001000+00:00,exif-processor,0.0
2025-02-23 19:05:00.001000+00:00,exif-processor,0.0
2025-02-23 19:04:00.001000+00:00,exif-processor,0.0
2025-02-23 19:03:00.001000+00:00,exif-processor,0.0
2025-02-23 19:02:00.001000+00:00,exif-processor,0.0
2025-02-23 19:01:00.001000+00:00,exif-processor,0.0
2025-02-23 19:00:00.001000+00:00,exif-processor,0.0
2025-02-23 18:59:00.001000+00:00,exif-processor,0.0
2025-02-23 18:58:00.001000+00:00,exif-processor,0.0
2025-02-23 18:57:00.001000+00:00,exif-processor,0.0
2025-02-23 19:07:00.001000+00:00,format-converter,698827756.6164896
2025-02-23 19:06:00.001000+00:00,format-converter,493466668.14764714
2025-02-23 19:05:00.001000+00:00,format-converter,281397439.6578372
2025-02-23 19:04:00.001000+00:00,format-converter,181595263.40000004
2025-02-23 19:07:00.001000+00:00,format-converter,1375328983.4472208
2025-02-23 19:06:00.001000+00:00,format-converter,1372188651.9786584
2025-02-23 19:05:00.001000+00:00,format-converter,1061691672.686213
2025-02-23 19:04:00.001000+00:00,format-converter,914395856.9043095
2025-02-23 19:03:00.001000+00:00,format-converter,783884701.4848483
2025-02-23 19:07:00.001000+00:00,format-converter,13187299882.068497
2025-02-23 19:06:00.001000+00:00,format-converter,12241649102.63017
2025-02-23 19:05:00.001000+00:00,format-converter,11567772791.032274
2025-02-23 19:04:00.001000+00:00,format-converter,11246545923.067654
2025-02-23 18:59:00.001000+00:00,format-converter,0.0
2025-02-23 18:58:00.001000+00:00,format-converter,0.0
2025-02-23 18:57:00.001000+00:00,format-converter,0.0
2025-02-23 19:07:00.001000+00:00,format-converter,0.0
2025-02-23 19:06:00.001000+00:00,format-converter,0.0
2025-02-23 19:05:00.001000+00:00,format-converter,0.0
2025-02-23 19:04:00.001000+00:00,format-converter,0.0
2025-02-23 19:03:00.001000+00:00,format-converter,0.0
2025-02-23 19:02:00.001000+00:00,format-converter,0.0
2025-02-23 19:01:00.001000+00:00,format-converter,0.0
2025-02-23 19:00:00.001000+00:00,format-converter,0.0
2025-02-23 18:59:00.001000+00:00,format-converter,0.0
2025-02-23 18:58:00.001000+00:00,format-converter,0.0
2025-02-23 18:57:00.001000+00:00,format-converter,0.0
2025-02-23 19:07:00.001000+00:00,input-handler,19599500.215056818
2025-02-23 19:06:00.001000+00:00,input-handler,46702800.18979208
2025-02-23 19:05:00.001000+00:00,input-handler,34486294.879321836
2025-02-23 19:04:00.001000+00:00,input-handler,28946184.0085518
2025-02-23 19:03:00.001000+00:00,input-handler,33171388.250000015
2025-02-23 18:58:00.001000+00:00,input-handler,0.0
2025-02-23 18:57:00.001000+00:00,input-handler,0.0
2025-02-23 19:07:00.001000+00:00,input-handler,0.0
2025-02-23 19:06:00.001000+00:00,input-handler,0.0
2025-02-23 19:05:00.001000+00:00,input-handler,0.0
2025-02-23 19:04:00.001000+00:00,input-handler,0.0
2025-02-23 19:03:00.001000+00:00,input-handler,0.0
2025-02-23 19:02:00.001000+00:00,input-handler,0.0
2025-02-23 19:01:00.001000+00:00,input-handler,0.0
2025-02-23 19:00:00.001000+00:00,input-handler,0.0
2025-02-23 18:59:00.001000+00:00,input-handler,0.0
2025-02-23 18:58:00.001000+00:00,input-handler,0.0
2025-02-23 18:57:00.001000+00:00,input-handler,0.0
2025-02-23 19:07:00.001000+00:00,metadata-extractor,355741315.37516046
2025-02-23 19:06:00.001000+00:00,metadata-extractor,275301644.0167998
2025-02-23 19:05:00.001000+00:00,metadata-extractor,231757944.86122543
2025-02-23 19:04:00.001000+00:00,metadata-extractor,241041186.81740567
2025-02-23 19:03:00.001000+00:00,metadata-extractor,319102213.7125417
2025-02-23 18:58:00.001000+00:00,metadata-extractor,0.0
2025-02-23 18:57:00.001000+00:00,metadata-extractor,0.0
2025-02-23 19:07:00.001000+00:00,metadata-extractor,0.0
2025-02-23 19:06:00.001000+00:00,metadata-extractor,0.0
2025-02-23 19:05:00.001000+00:00,metadata-extractor,0.0
2025-02-23 19:04:00.001000+00:00,metadata-extractor,0.0
2025-02-23 19:03:00.001000+00:00,metadata-extractor,0.0
2025-02-23 19:02:00.001000+00:00,metadata-extractor,0.0
2025-02-23 19:01:00.001000+00:00,metadata-extractor,0.0
2025-02-23 19:00:00.001000+00:00,metadata-extractor,0.0
2025-02-23 18:59:00.001000+00:00,metadata-extractor,0.0
2025-02-23 18:58:00.001000+00:00,metadata-extractor,0.0
2025-02-23 18:57:00.001000+00:00,metadata-extractor,0.0
2025-02-23 19:07:00.001000+00:00,rgb-channel-separator,936017037.238465
2025-02-23 19:06:00.001000+00:00,rgb-channel-separator,852194156.2831707
2025-02-23 19:05:00.001000+00:00,rgb-channel-separator,821133418.804775
2025-02-23 19:04:00.001000+00:00,rgb-channel-separator,915765767.3455724
2025-02-23 19:03:00.001000+00:00,rgb-channel-separator,1018585491.6249994
2025-02-23 19:07:00.001000+00:00,rgb-channel-separator,12177805851.819145
2025-02-23 19:06:00.001000+00:00,rgb-channel-separator,11824122636.755598
2025-02-23 19:05:00.001000+00:00,rgb-channel-separator,11534817469.109512
2025-02-23 19:04:00.001000+00:00,rgb-channel-separator,10751200132.0
2025-02-23 18:58:00.001000+00:00,rgb-channel-separator,0.0
2025-02-23 18:57:00.001000+00:00,rgb-channel-separator,0.0
2025-02-23 19:07:00.001000+00:00,rgb-channel-separator,0.0
2025-02-23 19:06:00.001000+00:00,rgb-channel-separator,0.0
2025-02-23 19:05:00.001000+00:00,rgb-channel-separator,0.0
2025-02-23 19:04:00.001000+00:00,rgb-channel-separator,0.0
2025-02-23 19:03:00.001000+00:00,rgb-channel-separator,0.0
2025-02-23 19:02:00.001000+00:00,rgb-channel-separator,0.0
2025-02-23 19:01:00.001000+00:00,rgb-channel-separator,0.0
2025-02-23 19:00:00.001000+00:00,rgb-channel-separator,0.0
2025-02-23 18:59:00.001000+00:00,rgb-channel-separator,0.0
2025-02-23 18:58:00.001000+00:00,rgb-channel-separator,0.0
2025-02-23 18:57:00.001000+00:00,rgb-channel-separator,0.0
2025-02-23 19:07:00.001000+00:00,thumbnail-generator,506831743.6199653
2025-02-23 19:06:00.001000+00:00,thumbnail-generator,801173981.1778436
2025-02-23 19:05:00.001000+00:00,thumbnail-generator,960021980.5298411
2025-02-23 19:04:00.001000+00:00,thumbnail-generator,940732008.8848442
2025-02-23 19:03:00.001000+00:00,thumbnail-generator,610238758.8749998
2025-02-23 18:58:00.001000+00:00,thumbnail-generator,0.0
2025-02-23 18:57:00.001000+00:00,thumbnail-generator,0.0
2025-02-23 19:07:00.001000+00:00,thumbnail-generator,0.0
2025-02-23 19:06:00.001000+00:00,thumbnail-generator,0.0
2025-02-23 19:05:00.001000+00:00,thumbnail-generator,0.0
2025-02-23 19:04:00.001000+00:00,thumbnail-generator,0.0
2025-02-23 19:03:00.001000+00:00,thumbnail-generator,0.0
2025-02-23 19:02:00.001000+00:00,thumbnail-generator,0.0
2025-02-23 19:01:00.001000+00:00,thumbnail-generator,0.0
2025-02-23 19:00:00.001000+00:00,thumbnail-generator,0.0
2025-02-23 18:59:00.001000+00:00,thumbnail-generator,0.0
2025-02-23 18:58:00.001000+00:00,thumbnail-generator,0.0
2025-02-23 18:57:00.001000+00:00,thumbnail-generator,0.0
